<?xml version="1.0" encoding="UTF-8"?>
<configurationDescriptor version="100">
  <projectmakefile>Makefile</projectmakefile>
  <confs>
    <conf name="Debug" type="1">
      <toolsSet>
        <developmentServer>localhost</developmentServer>
        <platform>2</platform>
      </toolsSet>
      <dbx_gdbdebugger version="1">
        <gdb_pathmaps>
        </gdb_pathmaps>
        <gdb_interceptlist>
          <gdbinterceptoptions gdb_all="false" gdb_unhandled="true" gdb_unexpected="true"/>
        </gdb_interceptlist>
        <gdb_signals>
        </gdb_signals>
        <gdb_options>
          <DebugOptions>
          </DebugOptions>
        </gdb_options>
        <gdb_buildfirst gdb_buildfirst_overriden="false" gdb_buildfirst_old="false"/>
      </dbx_gdbdebugger>
      <nativedebugger version="1">
        <engine>gdb</engine>
      </nativedebugger>
      <runprofile version="9">
        <runcommandpicklist>
          <runcommandpicklistitem>"${OUTPUT_PATH}"  -l ES -r 100 -p data/OPEN_ERROR.data</runcommandpicklistitem>
          <runcommandpicklistitem>"${OUTPUT_PATH}"  -r 100 -p data/ES_100_ERROR.data</runcommandpicklistitem>
          <runcommandpicklistitem>"${OUTPUT_PATH}" -r 100 -p data/ES_100_ERROR.data > fichero</runcommandpicklistitem>
          <runcommandpicklistitem>"${OUTPUT_PATH}" -r 100 -p data/ES_100_ERROR.data</runcommandpicklistitem>
          <runcommandpicklistitem>"${OUTPUT_PATH}" -r 2020 -l EN -p data/EMPTY.data</runcommandpicklistitem>
          <runcommandpicklistitem>"${OUTPUT_PATH}" -p data/FR_74W7.data -l FR -r 74 -b NUIIPOEHOAUEEEUTHFUTTSGAJEAISARENWUNPTDVQEXNRBMNAULDOOOFSTESVERILALCMGASESNOZDAYLRIEIKLECREAMIIRTBEE</runcommandpicklistitem>
          <runcommandpicklistitem>"${OUTPUT_PATH}"  -r 12 -l ES -b SEJSGDCFGNTIDLNOBREAOOCSRDEEEEIOUOIMRDCLACNERPASHADINLAYLARXTÑIOOABEUUEMEAITAAEUEUATQHNVOSZAPSO -p data/ES_12W3.data</runcommandpicklistitem>
          <runcommandpicklistitem>"${OUTPUT_PATH}" -l ES -r 100 -p data/ES_100_ERROR.data</runcommandpicklistitem>
          <runcommandpicklistitem>"${OUTPUT_PATH}" -l EN -r 71 -p data/EN_NW_71W20_U.data -b BUOGSDTFNNRODEIVQPETCAWPUMLATYDITLNAOESLAEEEIIANIKVSHOORARIOOIXTEGOBRGZMYAAUWAEERNFUIRTEDSCELJNHEI</runcommandpicklistitem>
          <runcommandpicklistitem>"${OUTPUT_PATH}" </runcommandpicklistitem>
        </runcommandpicklist>
        <runcommand>"${OUTPUT_PATH}"</runcommand>
        <rundir></rundir>
        <buildfirst>true</buildfirst>
        <console-type>2</console-type>
        <terminal-type>0</terminal-type>
        <remove-instrumentation>0</remove-instrumentation>
        <environment>
        </environment>
      </runprofile>
    </conf>
    <conf name="Release" type="1">
      <toolsSet>
        <developmentServer>localhost</developmentServer>
        <platform>2</platform>
      </toolsSet>
      <dbx_gdbdebugger version="1">
        <gdb_pathmaps>
        </gdb_pathmaps>
        <gdb_interceptlist>
          <gdbinterceptoptions gdb_all="false" gdb_unhandled="true" gdb_unexpected="true"/>
        </gdb_interceptlist>
        <gdb_options>
          <DebugOptions>
          </DebugOptions>
        </gdb_options>
        <gdb_buildfirst gdb_buildfirst_overriden="false" gdb_buildfirst_old="false"/>
      </dbx_gdbdebugger>
      <nativedebugger version="1">
        <engine>gdb</engine>
      </nativedebugger>
      <runprofile version="9">
        <runcommandpicklist>
          <runcommandpicklistitem>"${OUTPUT_PATH}"</runcommandpicklistitem>
        </runcommandpicklist>
        <runcommand>"${OUTPUT_PATH}"</runcommand>
        <rundir></rundir>
        <buildfirst>true</buildfirst>
        <terminal-type>0</terminal-type>
        <remove-instrumentation>0</remove-instrumentation>
        <environment>
        </environment>
      </runprofile>
    </conf>
  </confs>
</configurationDescriptor>
